Trip Type,Average Fare,Average Distance
Airport,53.645552183245805,13.053124073459193
Standard,14.999828942232826,2.364915357475894
