pickup_month,Trips,Revenue,Average_Fare
December,21,401.6,19.123809523809523
February,1,6.5,6.5
January,2814336,50478211.42,17.936099818927094
